hash,split,image_id,filename,duplicate_count
7b957d3e6e21b589b244a1042dc51bc8,all,259,img_000259.jpg,2
7b957d3e6e21b589b244a1042dc51bc8,all,4390,img_004390.jpg,2
8db93b0ed5f068d8503a887134f9bca1,all,260,img_000260.jpg,2
8db93b0ed5f068d8503a887134f9bca1,all,4391,img_004391.jpg,2
2d8b28b241f3e4f4258ed7180b9495a9,all,282,img_000282.jpg,2
2d8b28b241f3e4f4258ed7180b9495a9,all,4392,img_004392.jpg,2
799fd208a10acba8c8a7c375d1a8f5ca,all,345,img_000345.jpg,2
799fd208a10acba8c8a7c375d1a8f5ca,all,4393,img_004393.jpg,2
a1d86302c939c76f5513a401867ea736,all,372,img_000372.jpg,2
a1d86302c939c76f5513a401867ea736,all,4651,img_004651.jpg,2
96c93acd3b32c612d199f657c868c36b,all,377,img_000377.jpg,2
96c93acd3b32c612d199f657c868c36b,all,4653,img_004653.jpg,2
37a26c190946766a67e66a130530b8fe,all,379,img_000379.jpg,2
37a26c190946766a67e66a130530b8fe,all,4654,img_004654.jpg,2
5afa9bb725c0f944ad1e4158badb7eb1,all,415,img_000415.jpg,2
5afa9bb725c0f944ad1e4158badb7eb1,all,4655,img_004655.jpg,2
aead9b22803a5ee808eaa9dd4273ef79,all,416,img_000416.jpg,2
aead9b22803a5ee808eaa9dd4273ef79,all,4656,img_004656.jpg,2
41c47ebd2dea74acf084b1e772e9946f,all,418,img_000418.jpg,2
41c47ebd2dea74acf084b1e772e9946f,all,4657,img_004657.jpg,2
7f299db20ba5f194f1d0f58786250b1b,all,442,img_000442.jpg,2
7f299db20ba5f194f1d0f58786250b1b,all,4660,img_004660.jpg,2
e6f63c4e1b351243923e9beb76f06d71,all,459,img_000459.jpg,2
e6f63c4e1b351243923e9beb76f06d71,all,4664,img_004664.jpg,2
38a7cffa8c1b1c3c82ccef0f53d6dadd,all,460,img_000460.jpg,2
38a7cffa8c1b1c3c82ccef0f53d6dadd,all,4665,img_004665.jpg,2
c650cf06a5ecc4a8e8dc203a4eaf9649,all,474,img_000474.jpg,2
c650cf06a5ecc4a8e8dc203a4eaf9649,all,4666,img_004666.jpg,2
7edadea776a564b07c866083c4d756b8,all,489,img_000489.jpg,2
7edadea776a564b07c866083c4d756b8,all,4668,img_004668.jpg,2
bbe8d83398f44e9eb378a89f7e86a4c8,all,500,img_000500.jpg,2
bbe8d83398f44e9eb378a89f7e86a4c8,all,4670,img_004670.jpg,2
99dc89d61f10eb8f60676aaf97cce106,all,501,img_000501.jpg,2
99dc89d61f10eb8f60676aaf97cce106,all,4671,img_004671.jpg,2
964af415f28322c3d9e6a8b70cb91389,all,502,img_000502.jpg,2
964af415f28322c3d9e6a8b70cb91389,all,4672,img_004672.jpg,2
481ad1382e9b97a8e6c4223df4465d74,all,503,img_000503.jpg,2
481ad1382e9b97a8e6c4223df4465d74,all,4673,img_004673.jpg,2
c4238d7a7becbf3675b98c873889a804,all,504,img_000504.jpg,2
c4238d7a7becbf3675b98c873889a804,all,4674,img_004674.jpg,2
cd010125b66776a9e69bc58c4360aeec,all,506,img_000506.jpg,2
cd010125b66776a9e69bc58c4360aeec,all,4675,img_004675.jpg,2
c36725dda6aa12bf43a9d018c304d7c0,all,507,img_000507.jpg,2
c36725dda6aa12bf43a9d018c304d7c0,all,4676,img_004676.jpg,2
8126d911df21dfeb7dcb088806b0b9b1,all,508,img_000508.jpg,2
8126d911df21dfeb7dcb088806b0b9b1,all,4678,img_004678.jpg,2
845c861ad0b5d1f0135f9b4550fe7b67,all,511,img_000511.jpg,2
845c861ad0b5d1f0135f9b4550fe7b67,all,4679,img_004679.jpg,2
672f7bc5f3514401a13edd7aba5521e5,all,816,img_000816.jpg,2
672f7bc5f3514401a13edd7aba5521e5,all,4730,img_004730.jpg,2
e7be66d687f09c4dea89b8f88da3060a,all,836,img_000836.jpg,2
e7be66d687f09c4dea89b8f88da3060a,all,4734,img_004734.jpg,2
0f892cfe4fc9b3556ef0e0f65c48c9e7,all,1061,img_001061.jpg,2
0f892cfe4fc9b3556ef0e0f65c48c9e7,all,4737,img_004737.jpg,2
a0bcef8be7cff5d627321c574900adbf,all,1062,img_001062.jpg,2
a0bcef8be7cff5d627321c574900adbf,all,4739,img_004739.jpg,2
c729f562210f86e9ddcf3bbc6a0f0b79,all,1063,img_001063.jpg,2
c729f562210f86e9ddcf3bbc6a0f0b79,all,4741,img_004741.jpg,2
f1957cbcc879cf596b5dee51c9a9e8e3,all,1067,img_001067.jpg,2
f1957cbcc879cf596b5dee51c9a9e8e3,all,4742,img_004742.jpg,2
92b7198949be175c35a8720aa3ae6fb9,all,1068,img_001068.jpg,2
92b7198949be175c35a8720aa3ae6fb9,all,4743,img_004743.jpg,2
4b25232b10aa48dfc9ac1dbb6effde3b,all,1070,img_001070.jpg,2
4b25232b10aa48dfc9ac1dbb6effde3b,all,4744,img_004744.jpg,2
1ffef812a9e720d4b821c2f91c1327f2,all,1071,img_001071.jpg,2
1ffef812a9e720d4b821c2f91c1327f2,all,4745,img_004745.jpg,2
23c6a8029d36bd1b56ae9f41f03daf15,all,1083,img_001083.jpg,2
23c6a8029d36bd1b56ae9f41f03daf15,all,4752,img_004752.jpg,2
a4967048240e49af6c06d17c97d0123f,all,1113,img_001113.jpg,2
a4967048240e49af6c06d17c97d0123f,all,4806,img_004806.jpg,2
1aa867dc3aa7b076fcf461798d4a78c4,all,1117,img_001117.jpg,2
1aa867dc3aa7b076fcf461798d4a78c4,all,4808,img_004808.jpg,2
abf442f81ead7b3728e1c241541091f0,all,1118,img_001118.jpg,2
abf442f81ead7b3728e1c241541091f0,all,4809,img_004809.jpg,2
250c87433d95ae0e5b2883f6dbc45e49,all,1122,img_001122.jpg,2
250c87433d95ae0e5b2883f6dbc45e49,all,4810,img_004810.jpg,2
47d98df482b16f20f4c687e914c1e418,all,1128,img_001128.jpg,2
47d98df482b16f20f4c687e914c1e418,all,4815,img_004815.jpg,2
ca7acc75abfd0535e9c588c7575a317a,all,1137,img_001137.jpg,2
ca7acc75abfd0535e9c588c7575a317a,all,4818,img_004818.jpg,2
bcc301b42df0209036f0ba589575ae9a,all,1140,img_001140.jpg,2
bcc301b42df0209036f0ba589575ae9a,all,4819,img_004819.jpg,2
e3d9dbe7873118ff0efd66b5caa7f405,all,1141,img_001141.jpg,2
e3d9dbe7873118ff0efd66b5caa7f405,all,4822,img_004822.jpg,2
7aea59c192144b5a0ec6052a41e25a77,all,1142,img_001142.jpg,2
7aea59c192144b5a0ec6052a41e25a77,all,4823,img_004823.jpg,2
6503045ba22846a94752a2fe1b79590e,all,1144,img_001144.jpg,2
6503045ba22846a94752a2fe1b79590e,all,4824,img_004824.jpg,2
e2c6035764b88831854d71fbc03d4f46,all,1147,img_001147.jpg,2
e2c6035764b88831854d71fbc03d4f46,all,4826,img_004826.jpg,2
4a1f148c1a9c660aaf1b61343c02d9db,all,1148,img_001148.jpg,2
4a1f148c1a9c660aaf1b61343c02d9db,all,4827,img_004827.jpg,2
998cab8285bf4478ea0f19d485fd89c3,all,1150,img_001150.jpg,2
998cab8285bf4478ea0f19d485fd89c3,all,4830,img_004830.jpg,2
303c1e5e828c47102d44e54956f3c41c,all,1151,img_001151.jpg,2
303c1e5e828c47102d44e54956f3c41c,all,4831,img_004831.jpg,2
d7f889c39316b60f863f9f97f717a239,all,1152,img_001152.jpg,2
d7f889c39316b60f863f9f97f717a239,all,4834,img_004834.jpg,2
5179ba1a6d47c6676d046504558d0910,all,1153,img_001153.jpg,2
5179ba1a6d47c6676d046504558d0910,all,4833,img_004833.jpg,2
40ce2bff40c1afe2743fc0fa73913db2,all,1154,img_001154.jpg,2
40ce2bff40c1afe2743fc0fa73913db2,all,4836,img_004836.jpg,2
2e0cc4b99c3f8e3da045feeea792e6b7,all,1156,img_001156.jpg,2
2e0cc4b99c3f8e3da045feeea792e6b7,all,4837,img_004837.jpg,2
5b7a1801cb9e07b1780e413aff8e8c83,all,1157,img_001157.jpg,2
5b7a1801cb9e07b1780e413aff8e8c83,all,4838,img_004838.jpg,2
58864b9f9d2eb25c8c4ad3a81c805d6c,all,1159,img_001159.jpg,2
58864b9f9d2eb25c8c4ad3a81c805d6c,all,4840,img_004840.jpg,2
2c4ccc952368f45ff76843bd8ba9351b,all,1160,img_001160.jpg,2
2c4ccc952368f45ff76843bd8ba9351b,all,4841,img_004841.jpg,2
2262422ad6422b01566829e94049b0d4,all,1162,img_001162.jpg,2
2262422ad6422b01566829e94049b0d4,all,4843,img_004843.jpg,2
661fea14d7f97bf3ac9da87fed732d68,all,1164,img_001164.jpg,2
661fea14d7f97bf3ac9da87fed732d68,all,4845,img_004845.jpg,2
321e510b9b67d9814863a121805c779f,all,1165,img_001165.jpg,2
321e510b9b67d9814863a121805c779f,all,4846,img_004846.jpg,2
5ea066ee7a88fb2b2851717876ea38ff,all,1166,img_001166.jpg,2
5ea066ee7a88fb2b2851717876ea38ff,all,4847,img_004847.jpg,2
99f606797155cdbb57232cb44158b849,all,1167,img_001167.jpg,2
99f606797155cdbb57232cb44158b849,all,4848,img_004848.jpg,2
a84797aa4c18d2feba2b3a37e86b9f19,all,1170,img_001170.jpg,2
a84797aa4c18d2feba2b3a37e86b9f19,all,4849,img_004849.jpg,2
357c7b946fb21cf4f89d644d17c6711c,all,1173,img_001173.jpg,2
357c7b946fb21cf4f89d644d17c6711c,all,4853,img_004853.jpg,2
ea4ccda84187b3989924a65c38a5effb,all,1175,img_001175.jpg,2
ea4ccda84187b3989924a65c38a5effb,all,4854,img_004854.jpg,2
dbd8325d6a6680473535865dc41ecb8d,all,1176,img_001176.jpg,2
dbd8325d6a6680473535865dc41ecb8d,all,4855,img_004855.jpg,2
c3eb2143b6295f10a7c2209d42e88f2e,all,1177,img_001177.jpg,2
c3eb2143b6295f10a7c2209d42e88f2e,all,4856,img_004856.jpg,2
d4d5cb340a31db0505ef93f198d968de,all,1178,img_001178.jpg,2
d4d5cb340a31db0505ef93f198d968de,all,4857,img_004857.jpg,2
976f334a54124c98475de2fd9f1d2e37,all,1180,img_001180.jpg,2
976f334a54124c98475de2fd9f1d2e37,all,4858,img_004858.jpg,2
5a7731e09cdd31b6dd22161dc92d387f,all,1182,img_001182.jpg,2
5a7731e09cdd31b6dd22161dc92d387f,all,4859,img_004859.jpg,2
4d9e9ba40cf6bafa309f9fbb6bb423b4,all,1183,img_001183.jpg,2
4d9e9ba40cf6bafa309f9fbb6bb423b4,all,4860,img_004860.jpg,2
339eaf7bd4d9e200577eaa8073526659,all,1184,img_001184.jpg,2
339eaf7bd4d9e200577eaa8073526659,all,4861,img_004861.jpg,2
3ce2591c7f8894fc8b4cf6f2b9e9094b,all,1190,img_001190.jpg,2
3ce2591c7f8894fc8b4cf6f2b9e9094b,all,4864,img_004864.jpg,2
6ab9ac32027ebb3d67771a741abdbd9a,all,1210,img_001210.jpg,2
6ab9ac32027ebb3d67771a741abdbd9a,all,4878,img_004878.jpg,2
4330179c4ce5e7f1516043c24592976d,all,1246,img_001246.jpg,2
4330179c4ce5e7f1516043c24592976d,all,4886,img_004886.jpg,2
d4ce2ae2ff69a12fed7ace6b1ca3a03f,all,1249,img_001249.jpg,2
d4ce2ae2ff69a12fed7ace6b1ca3a03f,all,4887,img_004887.jpg,2
8fe4cf6099f0dfce892f2c962f38787d,all,4935,img_004935.jpg,2
8fe4cf6099f0dfce892f2c962f38787d,all,5232,img_005232.jpg,2
4b5e8acc4527c3a3b0fc882b03074390,all,4936,img_004936.jpg,2
4b5e8acc4527c3a3b0fc882b03074390,all,5233,img_005233.jpg,2
fb5e09bed8f2ea3b9ce40a3dfdc1b4ac,all,4937,img_004937.jpg,2
fb5e09bed8f2ea3b9ce40a3dfdc1b4ac,all,5234,img_005234.jpg,2
3d5a246d9449edd8dc8a7f77b5f1ba6e,all,4938,img_004938.jpg,2
3d5a246d9449edd8dc8a7f77b5f1ba6e,all,5235,img_005235.jpg,2
061591781ed9f1b6b35d0533d07458ce,all,4939,img_004939.jpg,2
061591781ed9f1b6b35d0533d07458ce,all,5236,img_005236.jpg,2
755b4a665b596492065952a36d3e2068,all,4940,img_004940.jpg,2
755b4a665b596492065952a36d3e2068,all,5237,img_005237.jpg,2
98d1aadfce81f8db4c9659a6ad3d67e6,all,4941,img_004941.jpg,2
98d1aadfce81f8db4c9659a6ad3d67e6,all,5238,img_005238.jpg,2
32ce1a3829dbdaea1d5b4d6f3cf27318,all,4942,img_004942.jpg,2
32ce1a3829dbdaea1d5b4d6f3cf27318,all,5239,img_005239.jpg,2
cb2592d1ff611f775a99dcb3b7d22143,all,4943,img_004943.jpg,2
cb2592d1ff611f775a99dcb3b7d22143,all,5240,img_005240.jpg,2
0245cca159882ac33f8b278290493054,all,4944,img_004944.jpg,2
0245cca159882ac33f8b278290493054,all,5241,img_005241.jpg,2
b23c5b8d34e557e11af15fce21aefa99,all,4945,img_004945.jpg,2
b23c5b8d34e557e11af15fce21aefa99,all,5242,img_005242.jpg,2
d0180d109146ace4290ca012ec92da0b,all,4946,img_004946.jpg,2
d0180d109146ace4290ca012ec92da0b,all,5243,img_005243.jpg,2
db4c647c985ac7ea88a78db5a515530b,all,4947,img_004947.jpg,2
db4c647c985ac7ea88a78db5a515530b,all,5244,img_005244.jpg,2
d790867a271dec642974416b0d845a12,all,4948,img_004948.jpg,2
d790867a271dec642974416b0d845a12,all,5245,img_005245.jpg,2
6ed81c7ec9545880e9d118fd757ec882,all,4949,img_004949.jpg,2
6ed81c7ec9545880e9d118fd757ec882,all,5246,img_005246.jpg,2
369e06feae0ab1e0eaa4f2889057bc32,all,4950,img_004950.jpg,2
369e06feae0ab1e0eaa4f2889057bc32,all,5247,img_005247.jpg,2
5df17f108c8c92e011dc67766a04dde0,all,4951,img_004951.jpg,2
5df17f108c8c92e011dc67766a04dde0,all,5248,img_005248.jpg,2
878ee887ec43beac526df0b0e01e0274,all,4952,img_004952.jpg,2
878ee887ec43beac526df0b0e01e0274,all,5249,img_005249.jpg,2
deb5c92874917ef5c50b5180bf9c1427,all,4953,img_004953.jpg,2
deb5c92874917ef5c50b5180bf9c1427,all,5250,img_005250.jpg,2
789da3fb380351c880f39ac8f0598f63,all,4954,img_004954.jpg,2
789da3fb380351c880f39ac8f0598f63,all,5251,img_005251.jpg,2
21ed3dfdb4f0d83067dce8e8708493e0,all,4955,img_004955.jpg,2
21ed3dfdb4f0d83067dce8e8708493e0,all,5252,img_005252.jpg,2
9f34ef202d606de9374db60a84205178,all,4956,img_004956.jpg,2
9f34ef202d606de9374db60a84205178,all,5253,img_005253.jpg,2
30e0ca420d380ab86112fdc146a829ed,all,4957,img_004957.jpg,2
30e0ca420d380ab86112fdc146a829ed,all,5254,img_005254.jpg,2
0c5febf8eeaca02ed526371331d19e4d,all,4958,img_004958.jpg,2
0c5febf8eeaca02ed526371331d19e4d,all,5255,img_005255.jpg,2
3bd249a5a7690cd0e15cf3d28a2b0702,all,4959,img_004959.jpg,2
3bd249a5a7690cd0e15cf3d28a2b0702,all,5256,img_005256.jpg,2
cae277207bb03d8253d3b3f3c37711d7,all,4960,img_004960.jpg,2
cae277207bb03d8253d3b3f3c37711d7,all,5257,img_005257.jpg,2
f199e487a8dd95809fabe5180a70b3ad,all,4961,img_004961.jpg,2
f199e487a8dd95809fabe5180a70b3ad,all,5258,img_005258.jpg,2
409adc1fdf22da7a8687e6143eeb1868,all,4962,img_004962.jpg,2
409adc1fdf22da7a8687e6143eeb1868,all,5259,img_005259.jpg,2
aaff97cc7243db73e9b248ad5e0a286c,all,4963,img_004963.jpg,2
aaff97cc7243db73e9b248ad5e0a286c,all,5260,img_005260.jpg,2
648f63dbfcef82dc6b2113828718bcb8,all,4964,img_004964.jpg,2
648f63dbfcef82dc6b2113828718bcb8,all,5261,img_005261.jpg,2
8f16a4bc15d1878d44df1170a7375f09,all,4965,img_004965.jpg,2
8f16a4bc15d1878d44df1170a7375f09,all,5262,img_005262.jpg,2
9a87281c43b780dd7e508bbe93ade4de,all,4966,img_004966.jpg,2
9a87281c43b780dd7e508bbe93ade4de,all,5263,img_005263.jpg,2
8a36dc11b9639bf6afcd9910013ed2a9,all,4967,img_004967.jpg,2
8a36dc11b9639bf6afcd9910013ed2a9,all,5264,img_005264.jpg,2
c828540b0bcbfe9faa914ac4080ad778,all,4968,img_004968.jpg,2
c828540b0bcbfe9faa914ac4080ad778,all,5265,img_005265.jpg,2
bd0c9ba95c45ca44649a14c8366c2847,all,4969,img_004969.jpg,2
bd0c9ba95c45ca44649a14c8366c2847,all,5266,img_005266.jpg,2
0a2437489639d6e62ceee48283ac745a,all,4970,img_004970.jpg,2
0a2437489639d6e62ceee48283ac745a,all,5267,img_005267.jpg,2
f22a257a01227d9347708da2c3d7ac39,all,4971,img_004971.jpg,2
f22a257a01227d9347708da2c3d7ac39,all,5268,img_005268.jpg,2
13c1b852e8d7500225ff190feab65828,all,4972,img_004972.jpg,2
13c1b852e8d7500225ff190feab65828,all,5269,img_005269.jpg,2
99ebbb99bba8f1871129682b66db07f0,all,4973,img_004973.jpg,2
99ebbb99bba8f1871129682b66db07f0,all,5270,img_005270.jpg,2
6349eaa7cab91334157d92491e6d758a,all,4974,img_004974.jpg,2
6349eaa7cab91334157d92491e6d758a,all,5271,img_005271.jpg,2
cf9a400ee0fd4a67b71380652d169cb6,all,4975,img_004975.jpg,2
cf9a400ee0fd4a67b71380652d169cb6,all,5272,img_005272.jpg,2
e7f81ee9fc2fc4d6ba6aebb2b2b6d8c5,all,4976,img_004976.jpg,2
e7f81ee9fc2fc4d6ba6aebb2b2b6d8c5,all,5273,img_005273.jpg,2
9e91cd7d83c2ab345b70320cb4d94e33,all,4977,img_004977.jpg,2
9e91cd7d83c2ab345b70320cb4d94e33,all,5274,img_005274.jpg,2
c31c5750925e8e6a81aa73551f10d7c8,all,4978,img_004978.jpg,2
c31c5750925e8e6a81aa73551f10d7c8,all,5275,img_005275.jpg,2
b2bb6d2cc2509fb955a5cfd1275b600f,all,4979,img_004979.jpg,2
b2bb6d2cc2509fb955a5cfd1275b600f,all,5276,img_005276.jpg,2
8f1608ba20a0c5c23e354f51e65df423,all,4980,img_004980.jpg,2
8f1608ba20a0c5c23e354f51e65df423,all,5277,img_005277.jpg,2
2bf4f1e1fe31a85baa17496420646c5e,all,4981,img_004981.jpg,2
2bf4f1e1fe31a85baa17496420646c5e,all,5278,img_005278.jpg,2
19931b996a1c550974546dc2a6f36f6c,all,4982,img_004982.jpg,2
19931b996a1c550974546dc2a6f36f6c,all,5279,img_005279.jpg,2
5871f196e0c3f6f67fd2d2b92bda1a7c,all,4983,img_004983.jpg,2
5871f196e0c3f6f67fd2d2b92bda1a7c,all,5280,img_005280.jpg,2
f7e1ec9b56ca816b24f557c774358e03,all,4984,img_004984.jpg,2
f7e1ec9b56ca816b24f557c774358e03,all,5281,img_005281.jpg,2
a1d404b5c9980be3f2471a839ec34fe9,all,4985,img_004985.jpg,2
a1d404b5c9980be3f2471a839ec34fe9,all,5282,img_005282.jpg,2
45d71f2d35a7fc60cf872ea0b0e61da3,all,4986,img_004986.jpg,2
45d71f2d35a7fc60cf872ea0b0e61da3,all,5283,img_005283.jpg,2
66207635a861aa4cfd35db834ed37a1b,all,4987,img_004987.jpg,2
66207635a861aa4cfd35db834ed37a1b,all,5284,img_005284.jpg,2
98c605fd4584cd6516a5dea8392f36f9,all,4988,img_004988.jpg,2
98c605fd4584cd6516a5dea8392f36f9,all,5285,img_005285.jpg,2
6bd335352fb1a5ec1d593392a54243a8,all,4989,img_004989.jpg,2
6bd335352fb1a5ec1d593392a54243a8,all,5286,img_005286.jpg,2
5d8a4e4ef0e321dd718e47b3361da4d6,all,4990,img_004990.jpg,2
5d8a4e4ef0e321dd718e47b3361da4d6,all,5287,img_005287.jpg,2
823b6ac47fe9b4caaafb395ce961e66c,all,4991,img_004991.jpg,2
823b6ac47fe9b4caaafb395ce961e66c,all,5288,img_005288.jpg,2
dedceb089af1c23db5d4bd080aab38a7,all,4992,img_004992.jpg,2
dedceb089af1c23db5d4bd080aab38a7,all,5289,img_005289.jpg,2
f2d986aba95a5c20cd3ad5347794caf8,all,4993,img_004993.jpg,2
f2d986aba95a5c20cd3ad5347794caf8,all,5290,img_005290.jpg,2
6d8b6f7b382f47e0556582e58cc543a9,all,4994,img_004994.jpg,2
6d8b6f7b382f47e0556582e58cc543a9,all,5291,img_005291.jpg,2
bea769fd4b48caf2114a0c2a0848f7d3,all,4995,img_004995.jpg,2
bea769fd4b48caf2114a0c2a0848f7d3,all,5292,img_005292.jpg,2
2aa4d08a0de59491cdfdb22f9d117f07,all,4996,img_004996.jpg,2
2aa4d08a0de59491cdfdb22f9d117f07,all,5293,img_005293.jpg,2
e6c9974440599df1fced7e3e11133866,all,4997,img_004997.jpg,2
e6c9974440599df1fced7e3e11133866,all,5294,img_005294.jpg,2
1f641f69f0b1f458ae5d9681ec84ca80,all,4998,img_004998.jpg,2
1f641f69f0b1f458ae5d9681ec84ca80,all,5295,img_005295.jpg,2
da7049d6d4c7e14f70c1cda645379a5e,all,4999,img_004999.jpg,2
da7049d6d4c7e14f70c1cda645379a5e,all,5296,img_005296.jpg,2
746250cd769cfbfd09a1afd7d03a42ad,all,5000,img_005000.jpg,2
746250cd769cfbfd09a1afd7d03a42ad,all,5297,img_005297.jpg,2
26bae7692d16e941048ce3670349570c,all,5001,img_005001.jpg,2
26bae7692d16e941048ce3670349570c,all,5298,img_005298.jpg,2
c749f461107da3aa04cd4588b5fdf0b9,all,5002,img_005002.jpg,2
c749f461107da3aa04cd4588b5fdf0b9,all,5299,img_005299.jpg,2
7f2f4e5d2af20377369371c2e4dc9fe2,all,5003,img_005003.jpg,2
7f2f4e5d2af20377369371c2e4dc9fe2,all,5300,img_005300.jpg,2
075af3b5114b016b39beb77cdf077dfe,all,5004,img_005004.jpg,2
075af3b5114b016b39beb77cdf077dfe,all,5301,img_005301.jpg,2
7660eb4cc52f3675f63bd6aa3543e145,all,5005,img_005005.jpg,2
7660eb4cc52f3675f63bd6aa3543e145,all,5302,img_005302.jpg,2
7376ec89c1e22ee9a69d0fc4029be1c0,all,5006,img_005006.jpg,2
7376ec89c1e22ee9a69d0fc4029be1c0,all,5303,img_005303.jpg,2
505ab56f0caea70d972a9200d6cc0d65,all,5007,img_005007.jpg,2
505ab56f0caea70d972a9200d6cc0d65,all,5304,img_005304.jpg,2
f6013606020f85ec9bd0948e856e3e59,all,5008,img_005008.jpg,2
f6013606020f85ec9bd0948e856e3e59,all,5305,img_005305.jpg,2
0134a9c26b3c6c9e44fa16fd1caa7f19,all,5009,img_005009.jpg,2
0134a9c26b3c6c9e44fa16fd1caa7f19,all,5306,img_005306.jpg,2
0f919e69f18cdeed85dbe12e1e346e7a,all,5010,img_005010.jpg,2
0f919e69f18cdeed85dbe12e1e346e7a,all,5307,img_005307.jpg,2
c7081f911e94b37fd1694c7ae57c513b,all,5011,img_005011.jpg,2
c7081f911e94b37fd1694c7ae57c513b,all,5308,img_005308.jpg,2
e640315aa85473228f2d9abb2e4bf3bb,all,5012,img_005012.jpg,2
e640315aa85473228f2d9abb2e4bf3bb,all,5309,img_005309.jpg,2
4169698449ccd10d34ef5dcd58a28c66,all,5013,img_005013.jpg,2
4169698449ccd10d34ef5dcd58a28c66,all,5310,img_005310.jpg,2
71f5950889d8a501d40796e7873c910c,all,5014,img_005014.jpg,2
71f5950889d8a501d40796e7873c910c,all,5311,img_005311.jpg,2
0776451cf88d32d61ca8922bb532e1f2,all,5015,img_005015.jpg,2
0776451cf88d32d61ca8922bb532e1f2,all,5312,img_005312.jpg,2
ac9cad36a8d33962ff2e88ef32ed5634,all,5016,img_005016.jpg,2
ac9cad36a8d33962ff2e88ef32ed5634,all,5313,img_005313.jpg,2
c81c208b41c24bc017f576bca55e1f43,all,5017,img_005017.jpg,2
c81c208b41c24bc017f576bca55e1f43,all,5314,img_005314.jpg,2
bd5d4b08dcbff8a701edad1a797faa25,all,5018,img_005018.jpg,2
bd5d4b08dcbff8a701edad1a797faa25,all,5315,img_005315.jpg,2
e70c9d0e922ce62982547c677e1873d7,all,5019,img_005019.jpg,2
e70c9d0e922ce62982547c677e1873d7,all,5316,img_005316.jpg,2
a010a797951a33dd90b63cf005ffe8bf,all,5020,img_005020.jpg,2
a010a797951a33dd90b63cf005ffe8bf,all,5317,img_005317.jpg,2
031d2c16f5a73454664ecfabc4c5ff70,all,5021,img_005021.jpg,2
031d2c16f5a73454664ecfabc4c5ff70,all,5318,img_005318.jpg,2
336d29664b3e621c2576c3c9dd9b1a9b,all,5022,img_005022.jpg,2
336d29664b3e621c2576c3c9dd9b1a9b,all,5319,img_005319.jpg,2
c9840a3149363abebab0d0eec065f4c2,all,5023,img_005023.jpg,2
c9840a3149363abebab0d0eec065f4c2,all,5320,img_005320.jpg,2
e7ef25b734be9b8e30ce4ca04fafd677,all,5024,img_005024.jpg,2
e7ef25b734be9b8e30ce4ca04fafd677,all,5321,img_005321.jpg,2
8cd56bd9c4a920a5a32aca858d580618,all,5025,img_005025.jpg,2
8cd56bd9c4a920a5a32aca858d580618,all,5322,img_005322.jpg,2
dc2872463b9ec0fc091f7ff93f496eef,all,5026,img_005026.jpg,2
dc2872463b9ec0fc091f7ff93f496eef,all,5323,img_005323.jpg,2
bbc25462204fed46f90fa486e99ce406,all,5027,img_005027.jpg,6
bbc25462204fed46f90fa486e99ce406,all,5046,img_005046.jpg,6
bbc25462204fed46f90fa486e99ce406,all,5072,img_005072.jpg,6
bbc25462204fed46f90fa486e99ce406,all,5324,img_005324.jpg,6
bbc25462204fed46f90fa486e99ce406,all,5343,img_005343.jpg,6
bbc25462204fed46f90fa486e99ce406,all,5369,img_005369.jpg,6
ba3cffa5d9e6078907517d50ad5700ab,all,5028,img_005028.jpg,2
ba3cffa5d9e6078907517d50ad5700ab,all,5325,img_005325.jpg,2
f63bf4acf9067e8b5b0ec75829b9be4e,all,5029,img_005029.jpg,2
f63bf4acf9067e8b5b0ec75829b9be4e,all,5326,img_005326.jpg,2
8650d7e8d6f9d672b638301f8a7fd050,all,5030,img_005030.jpg,2
8650d7e8d6f9d672b638301f8a7fd050,all,5327,img_005327.jpg,2
3f1cc1425a10fa29f022ef4acc705ff1,all,5031,img_005031.jpg,2
3f1cc1425a10fa29f022ef4acc705ff1,all,5328,img_005328.jpg,2
bc015b1126bfb590ab2fc20659fc89f0,all,5032,img_005032.jpg,2
bc015b1126bfb590ab2fc20659fc89f0,all,5329,img_005329.jpg,2
36050380f2ede5b4bb6879041b4401ba,all,5033,img_005033.jpg,2
36050380f2ede5b4bb6879041b4401ba,all,5330,img_005330.jpg,2
cba8429b25fa1e8e7c63942ac696e534,all,5034,img_005034.jpg,2
cba8429b25fa1e8e7c63942ac696e534,all,5331,img_005331.jpg,2
27213f715315d5871010b66a7e388033,all,5035,img_005035.jpg,2
27213f715315d5871010b66a7e388033,all,5332,img_005332.jpg,2
74b50c93f211f34573c414d68d368e6f,all,5036,img_005036.jpg,2
74b50c93f211f34573c414d68d368e6f,all,5333,img_005333.jpg,2
09fb19d7cb889ff893f306357c3e86b7,all,5037,img_005037.jpg,2
09fb19d7cb889ff893f306357c3e86b7,all,5334,img_005334.jpg,2
ffa5fe5324dda59f8d79b639d9722ab6,all,5038,img_005038.jpg,2
ffa5fe5324dda59f8d79b639d9722ab6,all,5335,img_005335.jpg,2
b9f71cc166c78b76ce54632847c45894,all,5039,img_005039.jpg,2
b9f71cc166c78b76ce54632847c45894,all,5336,img_005336.jpg,2
c5d3ee600a243624ba6101ecaaa7edd4,all,5040,img_005040.jpg,4
c5d3ee600a243624ba6101ecaaa7edd4,all,5231,img_005231.jpg,4
c5d3ee600a243624ba6101ecaaa7edd4,all,5337,img_005337.jpg,4
c5d3ee600a243624ba6101ecaaa7edd4,all,5528,img_005528.jpg,4
effca76faef8d7ac9443a722fb8e1cbd,all,5041,img_005041.jpg,2
effca76faef8d7ac9443a722fb8e1cbd,all,5338,img_005338.jpg,2
76980c882fb5416f62dd898ba524a689,all,5042,img_005042.jpg,2
76980c882fb5416f62dd898ba524a689,all,5339,img_005339.jpg,2
3474b992d5db85eface8512af3a58860,all,5043,img_005043.jpg,2
3474b992d5db85eface8512af3a58860,all,5340,img_005340.jpg,2
2f8d0013f0d2336ffe577f65f3f7d047,all,5044,img_005044.jpg,2
2f8d0013f0d2336ffe577f65f3f7d047,all,5341,img_005341.jpg,2
363be8907760ecf81ac5099f225e8d76,all,5045,img_005045.jpg,2
363be8907760ecf81ac5099f225e8d76,all,5342,img_005342.jpg,2
0f3f0fe682c4500d0205e45db08dcbcb,all,5047,img_005047.jpg,2
0f3f0fe682c4500d0205e45db08dcbcb,all,5344,img_005344.jpg,2
f2604f929e4b70d24794c7be59c50d3a,all,5048,img_005048.jpg,2
f2604f929e4b70d24794c7be59c50d3a,all,5345,img_005345.jpg,2
7a3abdfa2ebcfbb9cff49d8848ec8d9e,all,5049,img_005049.jpg,2
7a3abdfa2ebcfbb9cff49d8848ec8d9e,all,5346,img_005346.jpg,2
e15d581d5d8a7e64449dd24e3c90cd07,all,5050,img_005050.jpg,2
e15d581d5d8a7e64449dd24e3c90cd07,all,5347,img_005347.jpg,2
175bc902fec17e958631aba461a5a425,all,5051,img_005051.jpg,2
175bc902fec17e958631aba461a5a425,all,5348,img_005348.jpg,2
f778a34ebadee5e63bade7dc7417c96a,all,5052,img_005052.jpg,2
f778a34ebadee5e63bade7dc7417c96a,all,5349,img_005349.jpg,2
81f0856f5854b47367aeee982785e1ae,all,5053,img_005053.jpg,2
81f0856f5854b47367aeee982785e1ae,all,5350,img_005350.jpg,2
be8bceeaf3063983d2f5bb88c0605999,all,5054,img_005054.jpg,2
be8bceeaf3063983d2f5bb88c0605999,all,5351,img_005351.jpg,2
5c6bcd186ac740f1ad39dda300f0aee1,all,5055,img_005055.jpg,2
5c6bcd186ac740f1ad39dda300f0aee1,all,5352,img_005352.jpg,2
2d838d42f91f64a0d150bbde6865cfb3,all,5056,img_005056.jpg,2
2d838d42f91f64a0d150bbde6865cfb3,all,5353,img_005353.jpg,2
f0c4183aca3ef2610d4cd52a4874a5bb,all,5057,img_005057.jpg,2
f0c4183aca3ef2610d4cd52a4874a5bb,all,5354,img_005354.jpg,2
fb3848c5c22bab530ce9bd8a34ef8446,all,5058,img_005058.jpg,2
fb3848c5c22bab530ce9bd8a34ef8446,all,5355,img_005355.jpg,2
aa87e77f49f15f6db627b73e7d279cb8,all,5059,img_005059.jpg,2
aa87e77f49f15f6db627b73e7d279cb8,all,5356,img_005356.jpg,2
4e91a38724e144885a094cf4f6321ede,all,5060,img_005060.jpg,2
4e91a38724e144885a094cf4f6321ede,all,5357,img_005357.jpg,2
fed3efa176ee14ac2f43e66d393b4fbc,all,5061,img_005061.jpg,2
fed3efa176ee14ac2f43e66d393b4fbc,all,5358,img_005358.jpg,2
3de8a56781ad8741a4f025fa3d0fae84,all,5062,img_005062.jpg,2
3de8a56781ad8741a4f025fa3d0fae84,all,5359,img_005359.jpg,2
fa7e2fac7cd9d128accf567e06125df1,all,5063,img_005063.jpg,2
fa7e2fac7cd9d128accf567e06125df1,all,5360,img_005360.jpg,2
48544bb39d0544fb28682feb62dc38ca,all,5064,img_005064.jpg,2
48544bb39d0544fb28682feb62dc38ca,all,5361,img_005361.jpg,2
bf7c7d5bbe6c1533faf2b9e69e3967d0,all,5065,img_005065.jpg,2
bf7c7d5bbe6c1533faf2b9e69e3967d0,all,5362,img_005362.jpg,2
f0d5e21f027d39e73af00f1633a4bb08,all,5066,img_005066.jpg,2
f0d5e21f027d39e73af00f1633a4bb08,all,5363,img_005363.jpg,2
9d627cf65005ef16dd71c6749ef4d692,all,5067,img_005067.jpg,2
9d627cf65005ef16dd71c6749ef4d692,all,5364,img_005364.jpg,2
92c7bdfdce182d160481e71cc942385d,all,5068,img_005068.jpg,2
92c7bdfdce182d160481e71cc942385d,all,5365,img_005365.jpg,2
af0ecb0e8de7606854b7484b448e6968,all,5069,img_005069.jpg,2
af0ecb0e8de7606854b7484b448e6968,all,5366,img_005366.jpg,2
f8b492be816134811d65695b4f31d589,all,5070,img_005070.jpg,2
f8b492be816134811d65695b4f31d589,all,5367,img_005367.jpg,2
460c25868d526460c94484bccc170fc7,all,5071,img_005071.jpg,2
460c25868d526460c94484bccc170fc7,all,5368,img_005368.jpg,2
283606ab097adab1ef4334f275b90b0a,all,5073,img_005073.jpg,2
283606ab097adab1ef4334f275b90b0a,all,5370,img_005370.jpg,2
c576ad5bdd11535ee15fd887281d5d9d,all,5074,img_005074.jpg,2
c576ad5bdd11535ee15fd887281d5d9d,all,5371,img_005371.jpg,2
d480e8838700fab5717ef59567d4126e,all,5075,img_005075.jpg,2
d480e8838700fab5717ef59567d4126e,all,5372,img_005372.jpg,2
fbd0856b6bbfe4f0c86e903c8b1901f7,all,5076,img_005076.jpg,2
fbd0856b6bbfe4f0c86e903c8b1901f7,all,5373,img_005373.jpg,2
0afbc45f94050e692bfd9a0e3379b5cb,all,5077,img_005077.jpg,2
0afbc45f94050e692bfd9a0e3379b5cb,all,5374,img_005374.jpg,2
bb5d1d065bc2e5f950c0a3289225a5b7,all,5078,img_005078.jpg,2
bb5d1d065bc2e5f950c0a3289225a5b7,all,5375,img_005375.jpg,2
3c728b041d9d31d2835bbb9f374817f2,all,5079,img_005079.jpg,2
3c728b041d9d31d2835bbb9f374817f2,all,5376,img_005376.jpg,2
fbf28cf166edbba1d5ff6582d6a5abe7,all,5080,img_005080.jpg,2
fbf28cf166edbba1d5ff6582d6a5abe7,all,5377,img_005377.jpg,2
69658aeab1805fe2a0dc9fcc9ab6c8f5,all,5081,img_005081.jpg,2
69658aeab1805fe2a0dc9fcc9ab6c8f5,all,5378,img_005378.jpg,2
8e8ae62366f5c0ef1d91901b3f06b668,all,5082,img_005082.jpg,2
8e8ae62366f5c0ef1d91901b3f06b668,all,5379,img_005379.jpg,2
66858ce1eef21f15be2ec1b1f32f47d6,all,5083,img_005083.jpg,2
66858ce1eef21f15be2ec1b1f32f47d6,all,5380,img_005380.jpg,2
ee5574986e18f86b29a21b71f4b45c4f,all,5084,img_005084.jpg,2
ee5574986e18f86b29a21b71f4b45c4f,all,5381,img_005381.jpg,2
e4a8046cf3894fce201d033fcab2ad7c,all,5085,img_005085.jpg,2
e4a8046cf3894fce201d033fcab2ad7c,all,5382,img_005382.jpg,2
69f22e476c15244751df87c125c3eadb,all,5086,img_005086.jpg,2
69f22e476c15244751df87c125c3eadb,all,5383,img_005383.jpg,2
a00e3c2b4ab071dbb5c1317f7b75168b,all,5087,img_005087.jpg,2
a00e3c2b4ab071dbb5c1317f7b75168b,all,5384,img_005384.jpg,2
17d241bad852e70f843c2a3922569077,all,5088,img_005088.jpg,2
17d241bad852e70f843c2a3922569077,all,5385,img_005385.jpg,2
188480f402c8a9cbe52ee7784573bb47,all,5089,img_005089.jpg,2
188480f402c8a9cbe52ee7784573bb47,all,5386,img_005386.jpg,2
e5cd3cfbf97c251a63b1789d6dd8c15a,all,5090,img_005090.jpg,2
e5cd3cfbf97c251a63b1789d6dd8c15a,all,5387,img_005387.jpg,2
5ae0faa1f6902761cb14564cd43c0cb7,all,5091,img_005091.jpg,2
5ae0faa1f6902761cb14564cd43c0cb7,all,5388,img_005388.jpg,2
816448d81e1067c9201ed5e320f50a56,all,5092,img_005092.jpg,2
816448d81e1067c9201ed5e320f50a56,all,5389,img_005389.jpg,2
f6ae3f9e73c0361c70573842d30bddf1,all,5093,img_005093.jpg,2
f6ae3f9e73c0361c70573842d30bddf1,all,5390,img_005390.jpg,2
56679b634d1d6119ee56d809b6574fc8,all,5094,img_005094.jpg,2
56679b634d1d6119ee56d809b6574fc8,all,5391,img_005391.jpg,2
b20e3c5039c695205023c782117faae2,all,5095,img_005095.jpg,2
b20e3c5039c695205023c782117faae2,all,5392,img_005392.jpg,2
06183bec031616229c4cb66ab27aa31e,all,5096,img_005096.jpg,2
06183bec031616229c4cb66ab27aa31e,all,5393,img_005393.jpg,2
73a21e5fd4d1f7d3f2022778ee473317,all,5097,img_005097.jpg,2
73a21e5fd4d1f7d3f2022778ee473317,all,5394,img_005394.jpg,2
91f6254b69b06b98966c26cd484024b1,all,5098,img_005098.jpg,2
91f6254b69b06b98966c26cd484024b1,all,5395,img_005395.jpg,2
c5c0ecf61933b8d265940491d15f2b94,all,5099,img_005099.jpg,2
c5c0ecf61933b8d265940491d15f2b94,all,5396,img_005396.jpg,2
1839e85707e5ff45a72378b4d47d0904,all,5100,img_005100.jpg,2
1839e85707e5ff45a72378b4d47d0904,all,5397,img_005397.jpg,2
0c357fcaf32adfdb642cbd769486d276,all,5101,img_005101.jpg,2
0c357fcaf32adfdb642cbd769486d276,all,5398,img_005398.jpg,2
6d613ce7cba3ffca4c79112ef759e0e1,all,5102,img_005102.jpg,2
6d613ce7cba3ffca4c79112ef759e0e1,all,5399,img_005399.jpg,2
f1c9ceebe94119d938892af07632e6ff,all,5103,img_005103.jpg,2
f1c9ceebe94119d938892af07632e6ff,all,5400,img_005400.jpg,2
eda50c3299f00c1a7180bab552926837,all,5104,img_005104.jpg,2
eda50c3299f00c1a7180bab552926837,all,5401,img_005401.jpg,2
d1153cb438abd66ec2d45bd81c626ff0,all,5105,img_005105.jpg,2
d1153cb438abd66ec2d45bd81c626ff0,all,5402,img_005402.jpg,2
1baf6842af97c55ac31369b93c3eeb2b,all,5106,img_005106.jpg,2
1baf6842af97c55ac31369b93c3eeb2b,all,5403,img_005403.jpg,2
8c8a7835acd0cfe645ecb8b342ab627f,all,5107,img_005107.jpg,2
8c8a7835acd0cfe645ecb8b342ab627f,all,5404,img_005404.jpg,2
326b96177b8631fd1102d35a1241175c,all,5108,img_005108.jpg,2
326b96177b8631fd1102d35a1241175c,all,5405,img_005405.jpg,2
728e0e009949c36c3ffed0c4420f8300,all,5109,img_005109.jpg,2
728e0e009949c36c3ffed0c4420f8300,all,5406,img_005406.jpg,2
bf4ee2c5b1312457b48521ae7119bdfe,all,5110,img_005110.jpg,2
bf4ee2c5b1312457b48521ae7119bdfe,all,5407,img_005407.jpg,2
b36d3404bf1d77415be9e25eee21414e,all,5111,img_005111.jpg,2
b36d3404bf1d77415be9e25eee21414e,all,5408,img_005408.jpg,2
e9a748af8b40f61ff486e0b06f7c5b47,all,5112,img_005112.jpg,2
e9a748af8b40f61ff486e0b06f7c5b47,all,5409,img_005409.jpg,2
d9e24e11de8a6b7a44d904afbef2579c,all,5113,img_005113.jpg,2
d9e24e11de8a6b7a44d904afbef2579c,all,5410,img_005410.jpg,2
2a4a759580fc077174ac316cbdf802ac,all,5114,img_005114.jpg,2
2a4a759580fc077174ac316cbdf802ac,all,5411,img_005411.jpg,2
56a7247ef40c228055b7a54f965b8b3a,all,5115,img_005115.jpg,2
56a7247ef40c228055b7a54f965b8b3a,all,5412,img_005412.jpg,2
a5b1590a04aee2ab567db2279887912c,all,5116,img_005116.jpg,2
a5b1590a04aee2ab567db2279887912c,all,5413,img_005413.jpg,2
1330d7388e89ff6521cf88fdb05bc836,all,5117,img_005117.jpg,2
1330d7388e89ff6521cf88fdb05bc836,all,5414,img_005414.jpg,2
c311bc3bc70a5df92e602e045dc75fdd,all,5118,img_005118.jpg,2
c311bc3bc70a5df92e602e045dc75fdd,all,5415,img_005415.jpg,2
31a1a5e7207cd65f9c19990d300f2f4d,all,5119,img_005119.jpg,2
31a1a5e7207cd65f9c19990d300f2f4d,all,5416,img_005416.jpg,2
d64edb905071972443ec3e40b5554a25,all,5120,img_005120.jpg,4
d64edb905071972443ec3e40b5554a25,all,5147,img_005147.jpg,4
d64edb905071972443ec3e40b5554a25,all,5417,img_005417.jpg,4
d64edb905071972443ec3e40b5554a25,all,5444,img_005444.jpg,4
8140b3c0a9d22c5782c91462acae8c64,all,5121,img_005121.jpg,2
8140b3c0a9d22c5782c91462acae8c64,all,5418,img_005418.jpg,2
8a84208cb0bebab2ce6799bce23d112a,all,5122,img_005122.jpg,3
8a84208cb0bebab2ce6799bce23d112a,all,5419,img_005419.jpg,3
8a84208cb0bebab2ce6799bce23d112a,all,6983,img_006983.jpg,3
4ebfe5c7bf53a1b89b6ef340ddf8a02f,all,5123,img_005123.jpg,2
4ebfe5c7bf53a1b89b6ef340ddf8a02f,all,5420,img_005420.jpg,2
4cedc14d9d6702eeb6062f844b3944b5,all,5124,img_005124.jpg,2
4cedc14d9d6702eeb6062f844b3944b5,all,5421,img_005421.jpg,2
d4cfffeb84263c587d2e5fa2a762b14b,all,5125,img_005125.jpg,2
d4cfffeb84263c587d2e5fa2a762b14b,all,5422,img_005422.jpg,2
52e9df241736a9ba3c93af64c7f1515e,all,5126,img_005126.jpg,2
52e9df241736a9ba3c93af64c7f1515e,all,5423,img_005423.jpg,2
f835663e9b1d94cbc36d2e123d4e0e44,all,5127,img_005127.jpg,2
f835663e9b1d94cbc36d2e123d4e0e44,all,5424,img_005424.jpg,2
cd3c3d4c7b52923e9e0d6be88c57a88f,all,5128,img_005128.jpg,2
cd3c3d4c7b52923e9e0d6be88c57a88f,all,5425,img_005425.jpg,2
670d0da03e7ff40d0932beb87432bcad,all,5129,img_005129.jpg,2
670d0da03e7ff40d0932beb87432bcad,all,5426,img_005426.jpg,2
e0ffd704ac6c9d5cd3ce44b828d20c00,all,5130,img_005130.jpg,2
e0ffd704ac6c9d5cd3ce44b828d20c00,all,5427,img_005427.jpg,2
5b84256cfe6d9e2774b6a28bee1acd0f,all,5131,img_005131.jpg,2
5b84256cfe6d9e2774b6a28bee1acd0f,all,5428,img_005428.jpg,2
e104609d01461b31054888b56471f0eb,all,5132,img_005132.jpg,2
e104609d01461b31054888b56471f0eb,all,5429,img_005429.jpg,2
b98b03bcf001505bacf0b81f10ddee1b,all,5133,img_005133.jpg,2
b98b03bcf001505bacf0b81f10ddee1b,all,5430,img_005430.jpg,2
44ad1eb7e42873f209ee9911fcd8c2ea,all,5134,img_005134.jpg,2
44ad1eb7e42873f209ee9911fcd8c2ea,all,5431,img_005431.jpg,2
6aa90db701eb0c036b340a9c4b1a4530,all,5135,img_005135.jpg,2
6aa90db701eb0c036b340a9c4b1a4530,all,5432,img_005432.jpg,2
8e3eb1384e4393a036fe48460eaee1b0,all,5136,img_005136.jpg,2
8e3eb1384e4393a036fe48460eaee1b0,all,5433,img_005433.jpg,2
e66c790194107a9ead178a79c450d447,all,5137,img_005137.jpg,2
e66c790194107a9ead178a79c450d447,all,5434,img_005434.jpg,2
b2596c4720c494d1497a9caa426f5a41,all,5138,img_005138.jpg,2
b2596c4720c494d1497a9caa426f5a41,all,5435,img_005435.jpg,2
1bc29d9f0c8ed6403856cbdf821ab783,all,5139,img_005139.jpg,2
1bc29d9f0c8ed6403856cbdf821ab783,all,5436,img_005436.jpg,2
98f250d4ec70bd9b36ee15b2f598d326,all,5140,img_005140.jpg,2
98f250d4ec70bd9b36ee15b2f598d326,all,5437,img_005437.jpg,2
ac25a7ec5ea587f6d829932a9a0cb0b3,all,5141,img_005141.jpg,2
ac25a7ec5ea587f6d829932a9a0cb0b3,all,5438,img_005438.jpg,2
8c02b17f34633c42316fd80f35e8fbdd,all,5142,img_005142.jpg,2
8c02b17f34633c42316fd80f35e8fbdd,all,5439,img_005439.jpg,2
795671389bb8f486983acdc254efc202,all,5143,img_005143.jpg,2
795671389bb8f486983acdc254efc202,all,5440,img_005440.jpg,2
a4052d9bdbba454380469844289669b9,all,5144,img_005144.jpg,2
a4052d9bdbba454380469844289669b9,all,5441,img_005441.jpg,2
5f678a7da1c3e2459be4c929e4333458,all,5145,img_005145.jpg,2
5f678a7da1c3e2459be4c929e4333458,all,5442,img_005442.jpg,2
1057acd6dd61eac0dae6bb14f05e3bf5,all,5146,img_005146.jpg,2
1057acd6dd61eac0dae6bb14f05e3bf5,all,5443,img_005443.jpg,2
01f50ded8d4f2d6d4d394040e1bd0d47,all,5148,img_005148.jpg,2
01f50ded8d4f2d6d4d394040e1bd0d47,all,5445,img_005445.jpg,2
b12e519dd040491b0c51291ff7a7fe9d,all,5149,img_005149.jpg,2
b12e519dd040491b0c51291ff7a7fe9d,all,5446,img_005446.jpg,2
eafeb68a6ba62ff32c50278fd488b1fe,all,5150,img_005150.jpg,2
eafeb68a6ba62ff32c50278fd488b1fe,all,5447,img_005447.jpg,2
fae234190ff9ab7e3e91f6e2c54b83da,all,5151,img_005151.jpg,2
fae234190ff9ab7e3e91f6e2c54b83da,all,5448,img_005448.jpg,2
0f25e6f2563122b948ba1c7963b3f37d,all,5152,img_005152.jpg,2
0f25e6f2563122b948ba1c7963b3f37d,all,5449,img_005449.jpg,2
e68c7006fb831250d535c8da70057674,all,5153,img_005153.jpg,2
e68c7006fb831250d535c8da70057674,all,5450,img_005450.jpg,2
26d0de7f0152373c7b512aa778ce41b9,all,5154,img_005154.jpg,2
26d0de7f0152373c7b512aa778ce41b9,all,5451,img_005451.jpg,2
dc2b995bf590a244dda06e8bea354024,all,5155,img_005155.jpg,2
dc2b995bf590a244dda06e8bea354024,all,5452,img_005452.jpg,2
dd5a2590887b1b039e811a10226b6a5a,all,5156,img_005156.jpg,2
dd5a2590887b1b039e811a10226b6a5a,all,5453,img_005453.jpg,2
7c6a8274a74b6c237141a44dd004dcbe,all,5157,img_005157.jpg,2
7c6a8274a74b6c237141a44dd004dcbe,all,5454,img_005454.jpg,2
cd50b5d80e9cc2efbdad4c80e075ed5d,all,5158,img_005158.jpg,2
cd50b5d80e9cc2efbdad4c80e075ed5d,all,5455,img_005455.jpg,2
83183e0c96746c3a80a7a817ca5e0763,all,5159,img_005159.jpg,2
83183e0c96746c3a80a7a817ca5e0763,all,5456,img_005456.jpg,2
fd98048c05000b2f7856db8f0a2bad4e,all,5160,img_005160.jpg,2
fd98048c05000b2f7856db8f0a2bad4e,all,5457,img_005457.jpg,2
444ada94fbd973c8740def4c78356724,all,5161,img_005161.jpg,2
444ada94fbd973c8740def4c78356724,all,5458,img_005458.jpg,2
f52135e1a18224bed363f2014a409eee,all,5162,img_005162.jpg,2
f52135e1a18224bed363f2014a409eee,all,5459,img_005459.jpg,2
1588b93fd34ad05e2eb42ce2037553b8,all,5163,img_005163.jpg,2
1588b93fd34ad05e2eb42ce2037553b8,all,5460,img_005460.jpg,2
0bd033671d6b33d5a7bac40ca7f1dd54,all,5164,img_005164.jpg,2
0bd033671d6b33d5a7bac40ca7f1dd54,all,5461,img_005461.jpg,2
a8590b6e9b36ed3ec2e3b01e0fd6f93f,all,5165,img_005165.jpg,2
a8590b6e9b36ed3ec2e3b01e0fd6f93f,all,5462,img_005462.jpg,2
426ab6d253c176916cb75183581545e1,all,5166,img_005166.jpg,2
426ab6d253c176916cb75183581545e1,all,5463,img_005463.jpg,2
c529643a0393a99d02cf24bf59bf5f73,all,5167,img_005167.jpg,2
c529643a0393a99d02cf24bf59bf5f73,all,5464,img_005464.jpg,2
ef12504111d70c6923d9b2ff0ba1439f,all,5168,img_005168.jpg,2
ef12504111d70c6923d9b2ff0ba1439f,all,5465,img_005465.jpg,2
14cc91364a29cd128fec24e20d1c8f07,all,5169,img_005169.jpg,2
14cc91364a29cd128fec24e20d1c8f07,all,5466,img_005466.jpg,2
05f6fb134e5cc31548414ce772acd318,all,5170,img_005170.jpg,2
05f6fb134e5cc31548414ce772acd318,all,5467,img_005467.jpg,2
ba4577756e8f9e3deb1d0c920cf2f8d7,all,5171,img_005171.jpg,2
ba4577756e8f9e3deb1d0c920cf2f8d7,all,5468,img_005468.jpg,2
cfc6310445e2427b61e88cce4bc5e64c,all,5172,img_005172.jpg,2
cfc6310445e2427b61e88cce4bc5e64c,all,5469,img_005469.jpg,2
a4bc4abc63c76694e144baf115faf55a,all,5173,img_005173.jpg,2
a4bc4abc63c76694e144baf115faf55a,all,5470,img_005470.jpg,2
628507fda2cc75b342456aa902352e5f,all,5174,img_005174.jpg,2
628507fda2cc75b342456aa902352e5f,all,5471,img_005471.jpg,2
2d17da946eed2b0651e5fcc50cb6db6b,all,5175,img_005175.jpg,2
2d17da946eed2b0651e5fcc50cb6db6b,all,5472,img_005472.jpg,2
2432a192298a8eb9c7fa32f79d154723,all,5176,img_005176.jpg,2
2432a192298a8eb9c7fa32f79d154723,all,5473,img_005473.jpg,2
0ee7103785c7e2e2cd462b063b71bf69,all,5177,img_005177.jpg,2
0ee7103785c7e2e2cd462b063b71bf69,all,5474,img_005474.jpg,2
53ea4bd25ade61d3a06d7e5d0e18d922,all,5178,img_005178.jpg,2
53ea4bd25ade61d3a06d7e5d0e18d922,all,5475,img_005475.jpg,2
cdc2afed7196d1f85b92c4d05a92a261,all,5179,img_005179.jpg,2
cdc2afed7196d1f85b92c4d05a92a261,all,5476,img_005476.jpg,2
660a508f600cdb560cda9e1dd9f0b030,all,5180,img_005180.jpg,2
660a508f600cdb560cda9e1dd9f0b030,all,5477,img_005477.jpg,2
15b402456ca33f9465017f59afe6db1c,all,5181,img_005181.jpg,2
15b402456ca33f9465017f59afe6db1c,all,5478,img_005478.jpg,2
71e6eafb8a2900ebaa0a9c829133c8d6,all,5182,img_005182.jpg,2
71e6eafb8a2900ebaa0a9c829133c8d6,all,5479,img_005479.jpg,2
12cc59f0753f23367ae8e55d8a0a1d87,all,5183,img_005183.jpg,2
12cc59f0753f23367ae8e55d8a0a1d87,all,5480,img_005480.jpg,2
c895741c76026534a0db067b0bd11b4f,all,5184,img_005184.jpg,2
c895741c76026534a0db067b0bd11b4f,all,5481,img_005481.jpg,2
95a9564139a1a1dbd73ef752ce0dc03e,all,5185,img_005185.jpg,2
95a9564139a1a1dbd73ef752ce0dc03e,all,5482,img_005482.jpg,2
e61d00e28ba53e7df058f7dff426fd7b,all,5186,img_005186.jpg,2
e61d00e28ba53e7df058f7dff426fd7b,all,5483,img_005483.jpg,2
a0441635e2b2cbdbebf7596752b0088e,all,5187,img_005187.jpg,2
a0441635e2b2cbdbebf7596752b0088e,all,5484,img_005484.jpg,2
4b876bfdd8e17f823081c4223c50372f,all,5188,img_005188.jpg,2
4b876bfdd8e17f823081c4223c50372f,all,5485,img_005485.jpg,2
1bc0620651df01ea1ae8931480bda1d8,all,5189,img_005189.jpg,2
1bc0620651df01ea1ae8931480bda1d8,all,5486,img_005486.jpg,2
63d696e7af764bfb218b09fbfead627d,all,5190,img_005190.jpg,2
63d696e7af764bfb218b09fbfead627d,all,5487,img_005487.jpg,2
4bc33b157460a00b0295f3f1ffaaed6e,all,5191,img_005191.jpg,2
4bc33b157460a00b0295f3f1ffaaed6e,all,5488,img_005488.jpg,2
296d39ba35d789e0106520ed404476ee,all,5192,img_005192.jpg,2
296d39ba35d789e0106520ed404476ee,all,5489,img_005489.jpg,2
a3c74cd4e0f3ef46f8fcaa50605e988a,all,5193,img_005193.jpg,2
a3c74cd4e0f3ef46f8fcaa50605e988a,all,5490,img_005490.jpg,2
9753dd54aeab156bf857e0737c11e66d,all,5194,img_005194.jpg,2
9753dd54aeab156bf857e0737c11e66d,all,5491,img_005491.jpg,2
26181e5acb35957db1af5a98180486ec,all,5195,img_005195.jpg,2
26181e5acb35957db1af5a98180486ec,all,5492,img_005492.jpg,2
66ee49d00ce7c006dce4a247539629d8,all,5196,img_005196.jpg,2
66ee49d00ce7c006dce4a247539629d8,all,5493,img_005493.jpg,2
7febd087bdd1aa10a7b774be8aaac1f9,all,5197,img_005197.jpg,2
7febd087bdd1aa10a7b774be8aaac1f9,all,5494,img_005494.jpg,2
423bb814a7050c5ad04d4384b367527e,all,5198,img_005198.jpg,2
423bb814a7050c5ad04d4384b367527e,all,5495,img_005495.jpg,2
736aacfcb8f737acfd575041aeff1897,all,5199,img_005199.jpg,2
736aacfcb8f737acfd575041aeff1897,all,5496,img_005496.jpg,2
531245db70c85c0f043cbce3ff0bbce8,all,5200,img_005200.jpg,2
531245db70c85c0f043cbce3ff0bbce8,all,5497,img_005497.jpg,2
1739c9a0d0b8358431d964b67e61b48b,all,5201,img_005201.jpg,2
1739c9a0d0b8358431d964b67e61b48b,all,5498,img_005498.jpg,2
7561ce0cf6d58ff16c763d182b34f5e3,all,5202,img_005202.jpg,2
7561ce0cf6d58ff16c763d182b34f5e3,all,5499,img_005499.jpg,2
dcd47b7fa474039ed2f146873d30d223,all,5203,img_005203.jpg,2
dcd47b7fa474039ed2f146873d30d223,all,5500,img_005500.jpg,2
e6fffb0d1598a896bdf466d7bbec5a19,all,5204,img_005204.jpg,2
e6fffb0d1598a896bdf466d7bbec5a19,all,5501,img_005501.jpg,2
7074b9335ec5529da853b655ae0ba791,all,5205,img_005205.jpg,2
7074b9335ec5529da853b655ae0ba791,all,5502,img_005502.jpg,2
68345caed1227c7d8ca104775f583a8a,all,5206,img_005206.jpg,2
68345caed1227c7d8ca104775f583a8a,all,5503,img_005503.jpg,2
e409c63c668d739c0ec19035a4b4faed,all,5207,img_005207.jpg,2
e409c63c668d739c0ec19035a4b4faed,all,5504,img_005504.jpg,2
485de9d6819ef349ace6ff64051eb114,all,5208,img_005208.jpg,2
485de9d6819ef349ace6ff64051eb114,all,5505,img_005505.jpg,2
4a2e2def55901a32983943f230884a75,all,5209,img_005209.jpg,2
4a2e2def55901a32983943f230884a75,all,5506,img_005506.jpg,2
9f4e213469bd7ce8af5ff665b775418b,all,5210,img_005210.jpg,2
9f4e213469bd7ce8af5ff665b775418b,all,5507,img_005507.jpg,2
5204093bc6b440cf7fb1f1b56b1ff313,all,5211,img_005211.jpg,2
5204093bc6b440cf7fb1f1b56b1ff313,all,5508,img_005508.jpg,2
8816faa047556daf9bc10a25073f779a,all,5212,img_005212.jpg,2
8816faa047556daf9bc10a25073f779a,all,5509,img_005509.jpg,2
f0e2e281c57385860b78108310a43b65,all,5213,img_005213.jpg,2
f0e2e281c57385860b78108310a43b65,all,5510,img_005510.jpg,2
20848e774a28dc1800b70836ca879d09,all,5214,img_005214.jpg,2
20848e774a28dc1800b70836ca879d09,all,5511,img_005511.jpg,2
042bcac43ceecdd0e01b9cb38637f9c0,all,5215,img_005215.jpg,2
042bcac43ceecdd0e01b9cb38637f9c0,all,5512,img_005512.jpg,2
d218b517bab36c1df7257a13e2fc3cc0,all,5216,img_005216.jpg,2
d218b517bab36c1df7257a13e2fc3cc0,all,5513,img_005513.jpg,2
b7eba4e4f684ff9a60170f3245872e42,all,5217,img_005217.jpg,2
b7eba4e4f684ff9a60170f3245872e42,all,5514,img_005514.jpg,2
de62ac59580a5a16d7758b66d05a36fa,all,5218,img_005218.jpg,2
de62ac59580a5a16d7758b66d05a36fa,all,5515,img_005515.jpg,2
f138f9c56fd09551756ad637536906da,all,5219,img_005219.jpg,2
f138f9c56fd09551756ad637536906da,all,5516,img_005516.jpg,2
5272644b7318229c59efa9bbe29ec151,all,5220,img_005220.jpg,2
5272644b7318229c59efa9bbe29ec151,all,5517,img_005517.jpg,2
f335f6fbdedb945887fe0bb89afeb033,all,5221,img_005221.jpg,2
f335f6fbdedb945887fe0bb89afeb033,all,5518,img_005518.jpg,2
3c31a263f253011ccb17caeff64e333a,all,5222,img_005222.jpg,2
3c31a263f253011ccb17caeff64e333a,all,5519,img_005519.jpg,2
e746983c8514c9c66cecbc735faacf60,all,5223,img_005223.jpg,2
e746983c8514c9c66cecbc735faacf60,all,5520,img_005520.jpg,2
eee82d62ac380e0b1069303542f7e1af,all,5224,img_005224.jpg,2
eee82d62ac380e0b1069303542f7e1af,all,5521,img_005521.jpg,2
9c81e579cecda12da3f0ec447f889014,all,5225,img_005225.jpg,2
9c81e579cecda12da3f0ec447f889014,all,5522,img_005522.jpg,2
6a5f170b7e1f2a9db6aead4d1c6c7399,all,5226,img_005226.jpg,2
6a5f170b7e1f2a9db6aead4d1c6c7399,all,5523,img_005523.jpg,2
a0a3f6760c285a939dc80d2eafabb329,all,5227,img_005227.jpg,2
a0a3f6760c285a939dc80d2eafabb329,all,5524,img_005524.jpg,2
5e24983b0398297f893476de5070735e,all,5228,img_005228.jpg,2
5e24983b0398297f893476de5070735e,all,5525,img_005525.jpg,2
f27f4e7fe0552d37770fa9d22b7fa8d5,all,5229,img_005229.jpg,2
f27f4e7fe0552d37770fa9d22b7fa8d5,all,5526,img_005526.jpg,2
58cf8f78fa9cee8ffa8b369fa1c197cb,all,5230,img_005230.jpg,2
58cf8f78fa9cee8ffa8b369fa1c197cb,all,5527,img_005527.jpg,2
